<model_info><model_components><categories><category name="Signal Processing"><categories><category name="Sinks"><components><component name="dPe" type="Probe" /><component name="df" type="Probe" /><component name="dPL" type="Probe" /></components></category><category name="Discrete"><components><component name="M" type="Discrete Transfer Function" /></components></category><category name="Math Operations"><components><component name="D" type="Gain" /><component name="Sum2" type="Sum" /><component name="Sum1" type="Sum" /></components></category><category name="Sources"><components><component name="dPload" type="Square Wave Source" /><component name="dPmec" type="Constant" /></components></category></categories></category></categories></model_components></model_info>