<model_info><model_components><categories><category name="Signal Processing"><categories><category name="Sinks"><components><component name="VLrms" type="Probe" /><component name="Irms" type="Probe" /><component name="vl" type="Probe" /><component name="i" type="Probe" /></components></category><category name="Extras"><components><component name="RMS value1" type="RMS value" /><component name="RMS value2" type="RMS value" /></components></category></categories></category><category name="Sources"><components><component name="Vs1" type="Voltage Source" /></components></category><category name="Passive Components"><components><component name="L1" type="Inductor" /><component name="R1" type="Resistor" /></components></category><category name="Measurements"><components><component name="Ia1" type="Current Measurement" /><component name="Va1" type="Voltage Measurement" /></components></category></categories></model_components></model_info>