{
    "ver": "1.0",
    "_cls": "Model",
    "name": "RL_circuit",
    "core_model_id": "ac471758-efa8-11ea-a285-244bfe6de4f3",
    "vars": {
        "sys_cpu_exec_rate_1": 0.0001,
        "sys_cpu_exec_rate_2": 0.05
    },
    "dev_partitions": [
        {
            "_cls": "DevPartition",
            "name": "hil0",
            "dev_id": "0",
            "dev_settings": {
                "hil_descr": {
                    "general": {
                        "calibration": true,
                        "cmd_executor": true,
                        "standalone_boot": true,
                        "standalone boot di selection": false,
                        "hw_platform": "z7",
                        "host_os": "linux",
                        "post_load_init_time": 0,
                        "min_sim_step": 5e-07,
                        "comm_cpu": true,
                        "comm_cpu_mon": false,
                        "comm_cpu_vars_in_ddr": true,
                        "can_bus_ports": 0,
                        "uart_bus_ports": 0,
                        "zynq_gem_no": 1,
                        "irig_b_support": false,
                        "gps_pps_support": false,
                        "gpio_width": 0,
                        "fw_mng_update_time": 4,
                        "fw_mng_st_chk_time": 15,
                        "active_fuses": true,
                        "sys_clk_freq": 160000000.0,
                        "cop_dmem_addr": 1426063616,
                        "cop_dmem_size": 16128,
                        "common_phys_baseaddr": 1073741824
                    },
                    "fpga_solver": {
                        "spc_num": 3,
                        "topology_selector": true,
                        "mvm_mem_map_id": 1,
                        "sg_ch_num": 12,
                        "lt_ch_num": 8,
                        "mchn_num": 1,
                        "dtsm_per_spc": 0,
                        "tve_per_spc": 0,
                        "ctc_per_spc": 6,
                        "cmp_per_spc": 6,
                        "pwm_channels_num": 12,
                        "fsms_per_ts": 3,
                        "gds_per_fsm": 6,
                        "gds_oversampling": true,
                        "gds_var_del": true,
                        "pwr_loss_calc": false,
                        "mac_num": 4,
                        "mmem_size": 4096,
                        "mchn_3d_lut": false,
                        "mchn_absenc": false,
                        "forward_voltage_drop": true,
                        "clk_freq": 160000000.0,
                        "gds_var_del_width_per_fsm": 4,
                        "gds_var_del_line_length": 32,
                        "gds_var_del_max_decim": 1000,
                        "gds_var_del_lut_width": 250,
                        "gds_var_del_max_lut_width": 256,
                        "spc_high_res_do": true,
                        "hssl": false,
                        "hssl_max_devices": 1,
                        "hssl_max_vars_per_dev": 16,
                        "hssl_max_vars_per_spc": 8,
                        "hssl_max_sp_streams_per_dev": 4,
                        "hssl_max_sp_vars_per_stream": 16,
                        "hssl_time_sync": false,
                        "hssl_resettable": false,
                        "hssl_ext_reset": false,
                        "mm_mant_width": 31,
                        "x_mant_width": 39,
                        "spc_lines": 4,
                        "sp_sources_num": 16,
                        "par_dtv_num": 0,
                        "pipe_latency_fixed": 19,
                        "gds_comp_latency": 8,
                        "mchn_max_num": 64,
                        "mchn_mant_width": 41,
                        "ms_ds_size": 4,
                        "mchn_ext_io": false,
                        "mchn_div": false,
                        "mchn_pdsp_latency_fixed": 5,
                        "mchn_mech_latency": 48,
                        "mchn_3d_lut_latency_fixed": 58,
                        "sg_channel_latency": 42,
                        "lut_channel_latency": 61,
                        "di_ch_num": 32,
                        "dc_ch_num": 64,
                        "dc_bus_update_period": 1,
                        "scope_ch_num": 16,
                        "scope_ds_ch_num": 32,
                        "scope_buffer_size": 67108864,
                        "streaming_buffer_size": 4194304,
                        "sp_digital_mem_size": 128,
                        "sp_analog_mem_size": 512,
                        "time_cnt_width": 41,
                        "ms_as_size": 16,
                        "ext_cpu_app_num": 8,
                        "gds_ovs_period": 6.25e-09
                    },
                    "io": {
                        "analog_inputs": 16,
                        "analog_outputs": 16,
                        "digital_inputs": 32,
                        "digital_outputs": 32,
                        "ao_limit_en": false,
                        "ao_latencies": 68,
                        "analog_output_scale": [
                            10.0,
                            10.0,
                            10.0
                        ],
                        "analog_output_range": [
                            [
                                -10,
                                10
                            ],
                            [
                                -10,
                                10
                            ],
                            [
                                -10,
                                10
                            ]
                        ],
                        "analog_input_scale": [
                            0.1,
                            0.1,
                            0.1
                        ],
                        "analog_input_range": [
                            [
                                -10,
                                10
                            ],
                            [
                                -10,
                                10
                            ],
                            [
                                -10,
                                10
                            ]
                        ],
                        "loopback_gain": [
                            1,
                            1,
                            1
                        ],
                        "pwr_rail_oc_ind": [
                            [
                                0,
                                1
                            ],
                            [
                                0,
                                1
                            ],
                            [
                                0,
                                1
                            ]
                        ]
                    },
                    "sp_platform": {
                        "sys_sp_cpu": [
                            {
                                "cpu_type": "mb_v9",
                                "cpu_cfg": "mb_cfg3",
                                "exec_rates_no": 2,
                                "cm_baseaddr": 2155872256,
                                "indep_irq_per_er": false
                            }
                        ],
                        "user_sp_cpu": [
                            {
                                "cpu_type": "arm_a9",
                                "cpu_cfg": "arm_cfg2",
                                "exec_rates_no": 4,
                                "cm_baseaddr": 2155872512,
                                "indep_irq_per_er": false
                            }
                        ],
                        "comm_cpu": [
                            {
                                "cpu_type": "mb_v9",
                                "cpu_cfg": "mb_cfg8",
                                "exec_rates_no": 1,
                                "cm_baseaddr": 2155872768,
                                "DEF_SAMPLE_TIME": 1,
                                "comm_dmem_size": 65536,
                                "comm_dmem_addr": 0,
                                "eth_ve_max_input_size": 350,
                                "bytes_used_by_eth_ve_module": 2048,
                                "cache_line_len": 16
                            }
                        ],
                        "host_cpu": [
                            {
                                "cpu_type": "arm_a9_linux"
                            }
                        ]
                    }
                },
                "mem_map": {
                    "AS_MEM_MAP": {
                        "spc_baseaddr": 0,
                        "cop_baseaddr": 32,
                        "mch_baseaddr": 64,
                        "sg_baseaddr": 65,
                        "ds_baseaddr": 66,
                        "c0_baseaddr": 67,
                        "ai_baseaddr": 68
                    },
                    "CE_MAP_REG": {
                        "cmd_time_lo": 0,
                        "cmd_time_hi": 1,
                        "cmd_addr": 2,
                        "cmd_wr_data": 3,
                        "cmd_rd_data_ready": 8,
                        "cmd_rd_data": 9,
                        "fifo_status": 16
                    },
                    "CM_CFG1_MAP_REG": {
                        "t_violation": 0,
                        "exc_occurred": 5,
                        "exc_id": 6,
                        "exc_addr": 7,
                        "cm_en": 8192,
                        "curr_cnt": 40,
                        "max_cnt": 48
                    },
                    "CM_CFG1_PARAMS": {
                        "er_offset": 4
                    },
                    "CM_CFG2_MAP_REG": {
                        "t_violation": 0,
                        "exc_occurred": 32,
                        "exc_id": 36,
                        "exc_addr": 40,
                        "cm_en": 8,
                        "curr_cnt": 256,
                        "max_cnt": 320
                    },
                    "CM_CFG2_PARAMS": {
                        "er_offset": 4
                    },
                    "CM_MEM_MAP": {
                        "cm_cfg1": {
                            "t_violation": 0,
                            "exc_occurred": 5,
                            "exc_id": 6,
                            "exc_addr": 7,
                            "cm_en": 8192,
                            "curr_cnt": 40,
                            "max_cnt": 48
                        },
                        "cm_cfg2": {
                            "t_violation": 0,
                            "exc_occurred": 32,
                            "exc_id": 36,
                            "exc_addr": 40,
                            "cm_en": 8,
                            "curr_cnt": 256,
                            "max_cnt": 320
                        },
                        "cm_cfg3": {
                            "t_violation": 0,
                            "cm_en": 8192,
                            "exc_occurred": 20,
                            "exc_id": 24,
                            "exc_addr": 28,
                            "curr_cnt": 160,
                            "max_cnt": 192
                        }
                    },
                    "CM_PARAMS": {
                        "cm_cfg1": {
                            "er_offset": 4
                        },
                        "cm_cfg2": {
                            "er_offset": 4
                        },
                        "cm_cfg3": {
                            "er_offset": 4
                        }
                    },
                    "CU_MAP_REG": {
                        "sample_period": 0,
                        "system_enable": 1,
                        "mod_enable": 3,
                        "system_running": 4,
                        "ext_cpu_app_en": 5,
                        "par_en": 8,
                        "sync_master": 9,
                        "par_sp_exist": 10,
                        "proc_rev": 16,
                        "product_id": 17,
                        "configuration_id": 18,
                        "release_date": 19,
                        "ow_sn_data_l": 20,
                        "ow_sn_data_h": 21,
                        "hil_id": 22,
                        "hil_io_board_rev": 23,
                        "tick_cnt_lo": 24,
                        "tick_cnt_hi": 25,
                        "pwr_rail_oc_ignore_modulo": 30,
                        "par_stf_status": 31,
                        "spc_ovf_status": 33,
                        "mch_ovf_status": 34,
                        "gds_stf_status": 35,
                        "hssl_link_up": 36,
                        "hssl_link_err": 37,
                        "hssl_gtx_rst_n": 38,
                        "sf_period": 39,
                        "pwr_rail_oc_status": 40,
                        "pwr_rail_rst": 41,
                        "pwr_rail_rst_lenght": 42,
                        "fan_failure_status": 43,
                        "synchro_ph_err": 44,
                        "synchro_kp": 45,
                        "synchro_ki": 46,
                        "synchro_pi_shift": 47,
                        "cu_2_mv_om_init_reset": 48,
                        "cu_sp_init_timeout": 51,
                        "hil_dev_unit_sum": 52,
                        "cu_before_load": 53,
                        "cu_ext_app_status": 54,
                        "cu_cpu_sp_init_done": 56,
                        "model_rst_dur": 64,
                        "sp_init_dur": 65,
                        "sp_init_timeout_modulo": 66,
                        "comm_cpu_timeout_modulo": 67,
                        " cu_cpu_cfg": 80,
                        "gp_reg0": 96,
                        "gp_reg1": 97,
                        "gp_reg2": 98,
                        "gp_reg3": 99,
                        "cu_system_irq_en": 104,
                        "cu_system_irq_ack": 112,
                        "tmr_violation": 2097152,
                        "tmr_clr": 2097156,
                        "tmr_exception_occurred": 2097157,
                        "tmr_exception_id": 2097158,
                        "tmr_exception_addr": 2097159,
                        "tmr_en": 2097160,
                        "tmr_cnt_modulo": 2097168,
                        "tmr_stop": 2097184,
                        "tmr_curr_cnt": 2097192,
                        "tmr_max_cnt": 2097200,
                        "tmr_cnt_timeout_modulo": 2097208
                    },
                    "CU_PARAMS": {
                        "mod_enable_ms_pos": 65535,
                        "mod_enable_lut_pos": 16777216,
                        "mod_enable_sg_pos": 65536,
                        "tmr_offset": 64
                    },
                    "DS_MEM_MAP": {
                        "ao_status_baseaddr": 8,
                        "dtv_status_baseaddr": 9,
                        "capture_trigger_baseaddr": 16,
                        "mch_do_baseaddr": 256,
                        "di_do_baseaddr": 512,
                        "pwm_mod_do_baseaddr": 768,
                        "spc_cb_do_baseaddr": 1024,
                        "sp_do_baseaddr": 2048
                    },
                    "HIL_UNIT_OFFSETS": {
                        "cu_baseaddr": 0,
                        "sg_baseaddr": 4194304,
                        "ms_baseaddr": 8388608,
                        "io_baseaddr": 12582912,
                        "lt_baseaddr": 16777216,
                        "sc_baseaddr": 20971520,
                        "ce_baseaddr": 25165824,
                        "te_baseaddr": 25165824,
                        "hs_baseaddr": 29360128,
                        "pm_baseaddr": 33554432,
                        "pd_baseaddr": 37748736,
                        "sa_baseaddr": 134217728
                    },
                    "HIL_UNIT_PARAMS": {
                        "cb_data_width": 32,
                        "unit_size": 4194304
                    },
                    "HS_MAP_MEM": {
                        "tx_config": 524288,
                        "rx_config": 1048576,
                        "tx_data_sp": 2621440,
                        "rx_data_sp": 3145728
                    },
                    "HS_MAP_REG": {
                        "tx_data_count": 2097152,
                        "tx_dst_id": 2097153,
                        "tx_stream_id": 2097154,
                        "tx_req": 2097155,
                        "tx_busy": 2097156
                    },
                    "IO_MAP_MEM": {
                        "as_readout_table": 524288,
                        "ds_readout_table": 3670016,
                        "sp_analog_mem": 65536,
                        "sp_digital_mem": 3146752
                    },
                    "IO_MAP_REG": {
                        "ao_sf": 0,
                        "ao_offset": 256,
                        "ao_signal_addr": 512,
                        "ai_sf": 768,
                        "ai_offset": 1024,
                        "ao_lower_limit": 1280,
                        "ao_upper_limit": 1536,
                        "di_inv_mask": 3145728,
                        "do_inv_mask": 3145792,
                        "do_sw_value": 3145856,
                        "do_signal_addr": 3145984
                    },
                    "LT_MAP_MEM": {
                        "data_mem": 2097152
                    },
                    "LT_MAP_PARAMS": {
                        "data_mem_size": 512
                    },
                    "LT_MAP_REG": {
                        "no_of_luts": 0,
                        "toggle_filed": 256,
                        "input_addr": 512,
                        "input_offset": 768,
                        "input_sf": 1024,
                        "mem_base_addr": 1280,
                        "input_max_add": 1536
                    },
                    "MS_MAP_MEM": {
                        "mechanical_solver'": 0,
                        "reg_bank": 65536,
                        "prog_dsp": 131072,
                        "lut_3d": 196608
                    },
                    "MS_MAP_PARAMS": {
                        "ms_mem_space_size": 262144
                    },
                    "MS_MCH_REG_MAP": {
                        "tsm": 1,
                        "load_type": 4,
                        "angle_mode": 5,
                        "w_inc_coef": 17,
                        "mew_ratio": 18,
                        "enc_rpp": 19,
                        "enc_ppr": 20,
                        "enc_ppr_int": 21,
                        "enc_ppr_rec": 22,
                        "lut_angle_seg_max": 23,
                        "const_load": 24,
                        "linear_load": 25,
                        "square_load": 26,
                        "load_source_select": 27,
                        "const_load_type": 28,
                        "ext_load_type": 29,
                        "ext_load_offset": 30,
                        "ext_load_sf": 31,
                        "ext_load_ai": 32,
                        "absenc_type": 33,
                        "absenc_data_di_addr": 34,
                        "absenc_clock_di_addr": 35,
                        "res_a_rst_val": 36,
                        "res_b_rst_val": 37,
                        "ext_carr_offset": 38,
                        "ext_carr_sf": 39,
                        "res_pole_pairs": 43,
                        "res_carrier_tsw": 44,
                        "carr_source_sel": 45,
                        "ext_carr_ai": 46,
                        "zero_marker_pos": 47,
                        "w_e": 48,
                        "res_sin_a": 49,
                        "res_sin_b": 50,
                        "sin_e": 51,
                        "cos_e": 52,
                        "res_carr_a": 53,
                        "res_carr_b": 54,
                        "enc_phase": 55,
                        "angle_m": 56,
                        "enc_cnt": 57,
                        "sin_enc_a": 58,
                        "sin_enc_b": 59,
                        "lut_angle": 60,
                        "lut_angle_segment": 61
                    },
                    "MS_RB_MAP_REG": {
                        "mvm_in_addr": 0,
                        "gp_regs_rst": 16,
                        "lut2dsp_init": 32,
                        "gp_regs": 1024
                    },
                    "MS_3D_LUT_MAP_REG": {
                        "ch_offset": 0,
                        "max_addr_x": 32,
                        "in_sf_x": 64,
                        "in_offset_x": 96,
                        "no_of_el_x": 224,
                        "max_addr_y": 128,
                        "in_sf_y": 160,
                        "in_offset_y": 192,
                        "no_of_el_y": 384,
                        "start": 256,
                        "table_toggle": 272,
                        "max_addr_z": 288,
                        "in_sf_z": 320,
                        "in_offset_z": 352
                    },
                    "MS_3D_LUT_MEM_MAP": {
                        "lut_3d_table": 32768
                    },
                    "MVM_MEM_MAP": {
                        "mvm_nb_states": [
                            128,
                            256,
                            1024
                        ],
                        "mvm_nb_rows": [
                            256,
                            512,
                            2048
                        ],
                        "mvm_dtsm_vars_baseaddr": [
                            0,
                            256,
                            1024
                        ],
                        "mvm_nb_dtsm_vars_per_spc": [
                            128,
                            128,
                            128
                        ],
                        "mvm_mon_vars_baseaddr": [
                            128,
                            384,
                            1152
                        ],
                        "mvm_nb_mon_vars_per_spc": [
                            48,
                            48,
                            64
                        ],
                        "mvm_mon_vars_fsm_space": [
                            8,
                            8,
                            8
                        ],
                        "mvm_spc_tve_msrs_baseaddr": [
                            176,
                            432,
                            1216
                        ],
                        "mvm_nb_spc_tve_msrs": [
                            16,
                            16,
                            64
                        ],
                        "mvm_spc_cpl_msrs_baseaddr": [
                            192,
                            448,
                            1280
                        ],
                        "mvm_nb_spc_cpl_msrs": [
                            64,
                            64,
                            64
                        ],
                        "mvm_dtsm_srcs_baseaddr": [
                            0,
                            0,
                            0
                        ],
                        "mvm_nb_dtsm_srcs": [
                            64,
                            64,
                            64
                        ],
                        "mvm_sp_srcs_baseaddr": [
                            64,
                            64,
                            64
                        ],
                        "mvm_nb_sp_srcs": [
                            16,
                            16,
                            128
                        ],
                        "mvm_spc_tve_srcs_baseaddr": [
                            80,
                            80,
                            192
                        ],
                        "mvm_nb_spc_tve_srcs": [
                            16,
                            16,
                            64
                        ],
                        "mvm_spc_fvd_srcs_baseaddr": [
                            96,
                            96,
                            256
                        ],
                        "mvm_nb_spc_fvd_srcs": [
                            16,
                            32,
                            64
                        ],
                        "mvm_sig_gen_baseaddr": [
                            112,
                            128,
                            320
                        ],
                        "mvm_nb_sig_gen": [
                            16,
                            16,
                            64
                        ],
                        "mvm_lut_srcs_baseaddr": [
                            128,
                            144,
                            384
                        ],
                        "mvm_nb_lut_srcs": [
                            16,
                            16,
                            128
                        ],
                        "mvm_ext_ctr_srcs_baseaddr": [
                            144,
                            160,
                            512
                        ],
                        "mvm_nb_ext_ctr_srcs": [
                            16,
                            32,
                            32
                        ],
                        "mvm_dev_cpl_srcs_baseaddr": [
                            160,
                            192,
                            544
                        ],
                        "mvm_nb_dev_cpl_srcs": [
                            8,
                            8,
                            8
                        ],
                        "mvm_constant_0": [
                            168,
                            200,
                            552
                        ],
                        "mvm_constant_1": [
                            169,
                            201,
                            553
                        ],
                        "mvm_machine_srcs_base_index": [
                            176,
                            208,
                            560
                        ],
                        "mvm_nb_machine_srcs": [
                            16,
                            64,
                            256
                        ],
                        "mvm_nb_machine_srcs_per_mch": [
                            8,
                            8,
                            8
                        ],
                        "mvm_spc_cpl_srcs_baseaddr": [
                            192,
                            272,
                            816
                        ],
                        "mvm_nb_spc_cpl_srcs": [
                            64,
                            64,
                            64
                        ],
                        "mvm_nr_vars_spc2spc": [
                            4,
                            4,
                            4
                        ]
                    },
                    "PM_MAP_REG": {
                        "pwm_enable": 0,
                        "ref_sig": 64,
                        "max_cnt": 128,
                        "d_time": 192,
                        "en_update": 256,
                        "mask": 320,
                        "reset": 384,
                        "carr_phase_off": 448,
                        "carr_sig_dir": 512,
                        "use_di": 576,
                        "di_addr": 640,
                        "update_car_phase_off": 704,
                        "cfg_reg": 768
                    },
                    "SC_MAP_MEM": {
                        "sp_analog_mem": 65536
                    },
                    "SC_MAP_REG": {
                        "cb_start_addr": 0,
                        "number_of_samples_at": 1,
                        "capture_done": 2,
                        "decimation": 3,
                        "ch_num": 4,
                        "trigger_occurred": 6,
                        "cb_last_addr": 7,
                        "cb_trigger_addr": 8,
                        "number_of_samples_bt": 9,
                        "start_data_acq": 10,
                        "clear_capture": 11,
                        "stop_capture": 12,
                        "num_of_captured_samples": 13,
                        "first_trigg_occ": 14,
                        "sw_trigger": 16,
                        "hw_trigger_en": 17,
                        "hw_trigger_source": 18,
                        "ao_trigger_level": 20,
                        "ao_trigger_edge": 21,
                        "ao_trigger_addr": 22,
                        "di_trigger_addr": 24,
                        "di_trigger_edge": 25,
                        "signal_addr_analog": 128,
                        "signal_addr_digital": 256
                    },
                    "SG_MAP_MEM": {
                        "wave_mem": 2097152
                    },
                    "SG_MAP_PARAMS": {
                        "wave_mem_size": 2048
                    },
                    "SG_MAP_REG": {
                        "sample_cnt_inc_lo": 0,
                        "sg_update": 128,
                        "wave_length": 256,
                        "offset": 384,
                        "sf": 512,
                        "sample_cnt_inc_hi": 640,
                        "wg_update_en": 768
                    },
                    "SPC_CP_MAP_REG": {
                        "source_addr": 0,
                        "threshold": 16,
                        "op_code": 32,
                        "abs_val": 48
                    },
                    "SPC_CT_MAP_REG": {
                        "mode": 0,
                        "di1_addr": 128,
                        "di1_inv_mask": 256,
                        "on_delay": 384,
                        "off_delay": 512,
                        "init_state": 640,
                        "off_mode": 768,
                        "curr_addr": 896,
                        "ctrl_src": 1024,
                        "sw_ctrl_val": 1152,
                        "sup_ctrl_mode": 1280,
                        "sup_ctrl_val": 1408
                    },
                    "SPC_DT_MAP_REG": {
                        "ctrl_mode": 0,
                        "ctrl_src": 128,
                        "sw_ctrl_val": 256,
                        "di_addr": 384,
                        "di_inv_mask": 512,
                        "ct_off_mode": 640,
                        "init_state": 768,
                        "sup_ctrl_mode": 896,
                        "sup_ctrl_val": 1024
                    },
                    "SPC_MM_MAP_MEM": {
                        "instr_mem": 0,
                        "cu_sa_lut": 131072,
                        "vec_img_mem": 262144,
                        "matrix_mem": 524288
                    },
                    "SPC_MM_MAP_REG": {
                        "gds_comp_en": 786432,
                        "x_vec_length": 786433,
                        "gds_cnt_sc_coeff_h": 786436,
                        "gds_cnt_sc_coeff_l": 786437
                    },
                    "SPC_SP_MAP_REG": {
                        "sp_in_regs": 0
                    },
                    "SPC_TS_MAP_MEM": {
                        "fsm_memories": 262144,
                        "var_del_calc_lut": 917504,
                        "top_ind_tt": 524288
                    },
                    "SPC_TS_MAP_PARAMS": {
                        "fsm_reg_offset": 32,
                        "sw_losses_reg_offset": 32,
                        "fsm_mem_size": 32768,
                        "fsm_lut_offset": 8192
                    },
                    "SPC_TS_MAP_REG": {
                        "gds_os_ratio": 0,
                        "gds_var_del_en": 1,
                        "gds_filter_en": 2,
                        "gds_var_del_prsc": 3,
                        "aux_gds_en_mask": 4,
                        "vout_cmp_op_mode": 5,
                        "no_fsm_states": 32,
                        "fsm_gds_en_mask": 33,
                        "fsm_inv_mask": 34,
                        "gds_st_leg_en": 35,
                        "gds_st_leg_mode": 36,
                        "fsm_gds_hw_gating_en": 37,
                        "fsm_gds_hwg_di_addr": 38,
                        "fsm_gds_hwg_inv": 39,
                        "fsm1_di_addr": 40,
                        "fsm2_di_addr": 41,
                        "fsm3_di_addr": 42,
                        "fsm4_di_addr": 43,
                        "fsm5_di_addr": 44,
                        "fsm6_di_addr": 45,
                        "fsm_source_sel": 48,
                        "fsm_sw_gds": 49,
                        "fsm_sup_ctrl_mode": 50,
                        "fsm_sup_ctrl_val": 51,
                        "fsm_gds_disc_en": 52,
                        "fsm_gds_disc_inv_mask": 53,
                        "fsm_gds1_disc_mv_addr": 54,
                        "fsm_gds2_disc_mv_addr": 55,
                        "fsm_gds3_disc_mv_addr": 56,
                        "fsm_gds4_disc_mv_addr": 57,
                        "fsm_gds5_disc_mv_addr": 58,
                        "fsm_gds6_disc_mv_addr": 59,
                        "fsm_fvd_val1": 60,
                        "fsm_fvd_val2": 61,
                        "fsm_fvd_val3": 62,
                        "fsm_fvd_val4": 63,
                        "sw_loss_rd_en": 512,
                        "sw_loss_rd_period": 513,
                        "sw_loss_gds1_on_time": 520,
                        "sw_loss_gds2_on_time": 521,
                        "sw_loss_gds3_on_time": 522,
                        "sw_loss_gds4_on_time": 523,
                        "sw_loss_gds5_on_time": 524,
                        "sw_loss_gds6_on_time": 525,
                        "sw_loss_gds1_events": 528,
                        "sw_loss_gds2_events": 529,
                        "sw_loss_gds3_events": 530,
                        "sw_loss_gds4_events": 531,
                        "sw_loss_gds5_events": 532,
                        "sw_loss_gds6_events": 533
                    },
                    "SPC_TV_MAP_REG": {
                        "gain_regs": 0
                    },
                    "SPC_UNIT_OFFSETS": {
                        "mm_baseaddr": 0,
                        "ts_baseaddr": 1048576,
                        "cp_baseaddr": 2097152,
                        "ct_baseaddr": 2359296,
                        "dt_baseaddr": 2621440,
                        "sp_baseaddr": 2883584,
                        "tv_baseaddr": 3145728
                    },
                    "SPC_VD_MAP_REG": {
                        "const_input_en": 786432,
                        "input_address": 786440,
                        "input_offset": 786448,
                        "input_sf": 786456,
                        "input_min": 786464,
                        "input_max": 786472,
                        "fixed_deley": 786480,
                        "const_input": 786488
                    },
                    "SPC_ZONE_SIZE": 32,
                    "TE_MAP_REG": {
                        "start_tests": 0,
                        "test_progress": 8,
                        "digital_test_status": 9,
                        "analog_test_status": 10,
                        "psu_test_status": 11,
                        "digital_test_status_1": 12,
                        "analog_test_status_1": 13,
                        "d_test_length": 16,
                        "a_test_length": 17,
                        "psu_test_length": 18,
                        "a_error_tolerance": 24,
                        "psu_ch_0_lower_limit": 32,
                        "psu_ch_0_upper_limit": 33,
                        "psu_ch_1_lower_limit": 34,
                        "psu_ch_1_upper_limit": 35,
                        "psu_ch_2_lower_limit": 36,
                        "psu_ch_2_upper_limit": 37,
                        "psu_ch_3_lower_limit": 38,
                        "psu_ch_3_upper_limit": 39,
                        "psu_ch_4_lower_limit": 40,
                        "psu_ch_4_upper_limit": 41,
                        "psu_ch_5_lower_limit": 42,
                        "psu_ch_5_upper_limit": 43,
                        "irig_b_test_status": 44,
                        "gps_pps_test_status": 45,
                        "eth_test_status": 46,
                        "can_test_status": 47,
                        "uart_test_status": 48,
                        "gpio_out": 56,
                        "gpio_in": 57,
                        "gpio_t": 58
                    }
                },
                "general": {
                    "sw_version": "2020.2",
                    "hil_device": "HIL402",
                    "hil_configuration_id": 1,
                    "simulation_method": "exact",
                    "simulation_time_step": "auto",
                    "simulation_discret_scaling": 1.0,
                    "ss_calc_method": "systematic elimination",
                    "device_ao_limit_enable": false,
                    "enb_pole_shift": true,
                    "enb_gds_oversampling": true,
                    "show_modes": false,
                    "cpl_stb": false,
                    "enb_dep_sw_detect": false,
                    "code_section": "internal memory",
                    "data_section": "internal memory",
                    "user_cpu_optimization": "high",
                    "user_real_type_precision": "default",
                    "user_cpu_part_option": "default",
                    "sys_real_type_precision": "default",
                    "sys_sp_rate_1": 0.0001,
                    "sys_sp_rate_2": 0.05,
                    "sys_cpu_optimization": "high",
                    "cpl_dynamics_analysis": false,
                    "matrix_based_reduction": true
                }
            },
            "nodes": [
                {
                    "_cls": "Node",
                    "id": 2335690927632,
                    "terminals": [
                        2335723531008,
                        2335749296312
                    ]
                },
                {
                    "_cls": "Node",
                    "id": 2335690925616,
                    "terminals": [
                        2335723528544,
                        2335794171744,
                        2335723531120
                    ]
                },
                {
                    "_cls": "Node",
                    "id": 2335796298304,
                    "terminals": [
                        2335723530784,
                        2335794171464,
                        2335792394592
                    ]
                },
                {
                    "_cls": "Node",
                    "id": 2335711804496,
                    "terminals": [
                        2335793778360,
                        2335792395768
                    ]
                },
                {
                    "_cls": "Node",
                    "id": 2335690925784,
                    "terminals": [
                        2335723528320,
                        2335723531904,
                        2335723530560
                    ]
                },
                {
                    "_cls": "Node",
                    "id": 2335796300040,
                    "terminals": [
                        2335723528768,
                        2335723528824
                    ]
                },
                {
                    "_cls": "Node",
                    "id": 2335342042024,
                    "terminals": [
                        2335793775056,
                        2335723532016
                    ]
                },
                {
                    "_cls": "Node",
                    "id": 2335796299256,
                    "terminals": [
                        2335793778304,
                        2335793778584,
                        2335749296256
                    ]
                }
            ],
            "components": [
                {
                    "_cls": "Component",
                    "id": 2335723528712,
                    "name": "Irms",
                    "vars": {
                        "ITEM_PROPERTY": "property",
                        "streaming_en": false,
                        "out_size": 1
                    },
                    "comp_type": "gen_probe",
                    "lib_fqn": "Signal Processing.Sinks.Probe",
                    "composite": false,
                    "properties": [
                        {
                            "_cls": "Property",
                            "name": "signal_name",
                            "value": "Signal Processing.Sinks.Probe",
                            "vector": false,
                            "calc_type": "signal_name"
                        },
                        {
                            "_cls": "Property",
                            "name": "addr",
                            "value": 0,
                            "vector": false,
                            "calc_type": "uint"
                        },
                        {
                            "_cls": "Property",
                            "name": "streaming_en",
                            "value": false,
                            "vector": false,
                            "calc_type": "bool"
                        },
                        {
                            "_cls": "Property",
                            "name": "streaming_er_idx",
                            "value": 0,
                            "vector": false,
                            "calc_type": "uint"
                        },
                        {
                            "_cls": "Property",
                            "name": "signal_type",
                            "value": "generic",
                            "vector": false,
                            "calc_type": "string"
                        },
                        {
                            "_cls": "Property",
                            "name": "override_signal_name",
                            "value": false,
                            "vector": false,
                            "calc_type": "bool"
                        },
                        {
                            "_cls": "Property",
                            "name": "execution_rate",
                            "value": 0.0001,
                            "vector": false,
                            "calc_type": "real"
                        }
                    ],
                    "terminals": [
                        {
                            "_cls": "Terminal",
                            "id": 2335723528768,
                            "name": "in",
                            "kind": "sp",
                            "dimension": [
                                1
                            ],
                            "direction": "in",
                            "sp_type": "real",
                            "feedthrough": true
                        }
                    ],
                    "masks": [],
                    "parent_comp_id": null,
                    "target_cpu": [
                        "user_sp_cpu",
                        0
                    ],
                    "selected_for_export": false
                },
                {
                    "_cls": "Component",
                    "id": 2335792396384,
                    "name": "Vs1",
                    "vars": {
                        "number_of_terminals": 0
                    },
                    "comp_type": "src_voltage",
                    "lib_fqn": "Sources.Voltage Source",
                    "composite": false,
                    "properties": [
                        {
                            "_cls": "Property",
                            "name": "type",
                            "value": "signal generator",
                            "vector": false,
                            "calc_type": "string"
                        },
                        {
                            "_cls": "Property",
                            "name": "execution_rate",
                            "value": 0.0001,
                            "vector": false,
                            "calc_type": "real"
                        },
                        {
                            "_cls": "Property",
                            "name": "param_set",
                            "value": "1phase",
                            "vector": false,
                            "calc_type": "string"
                        },
                        {
                            "_cls": "Property",
                            "name": "L1",
                            "value": 0.1,
                            "vector": false,
                            "calc_type": "real"
                        },
                        {
                            "_cls": "Property",
                            "name": "override_signal_name",
                            "value": false,
                            "vector": false,
                            "calc_type": "bool"
                        },
                        {
                            "_cls": "Property",
                            "name": "init_source_nature",
                            "value": "Sine",
                            "vector": false,
                            "calc_type": "string"
                        },
                        {
                            "_cls": "Property",
                            "name": "R2",
                            "value": 0.0,
                            "vector": false,
                            "calc_type": "real"
                        },
                        {
                            "_cls": "Property",
                            "name": "init_phase",
                            "value": 0.0,
                            "vector": false,
                            "calc_type": "real"
                        },
                        {
                            "_cls": "Property",
                            "name": "enable_snb",
                            "value": false,
                            "vector": false,
                            "calc_type": "bool"
                        },
                        {
                            "_cls": "Property",
                            "name": "parent_label",
                            "value": "",
                            "vector": false,
                            "calc_type": "string"
                        },
                        {
                            "_cls": "Property",
                            "name": "addr",
                            "value": 0,
                            "vector": false,
                            "calc_type": "uint"
                        },
                        {
                            "_cls": "Property",
                            "name": "sig_input",
                            "value": "False",
                            "vector": false,
                            "calc_type": "string"
                        },
                        {
                            "_cls": "Property",
                            "name": "signal_name",
                            "value": "",
                            "vector": false,
                            "calc_type": "string"
                        },
                        {
                            "_cls": "Property",
                            "name": "init_frequency",
                            "value": 60.0,
                            "vector": false,
                            "calc_type": "real"
                        },
                        {
                            "_cls": "Property",
                            "name": "init_const_value",
                            "value": 0.0,
                            "vector": false,
                            "calc_type": "real"
                        },
                        {
                            "_cls": "Property",
                            "name": "snb_type",
                            "value": "R2",
                            "vector": false,
                            "calc_type": "string"
                        },
                        {
                            "_cls": "Property",
                            "name": "init_rms_value",
                            "value": 110.0,
                            "vector": false,
                            "calc_type": "real"
                        },
                        {
                            "_cls": "Property",
                            "name": "cpd_visible",
                            "value": true,
                            "vector": false,
                            "calc_type": "bool"
                        },
                        {
                            "_cls": "Property",
                            "name": "spc_nb",
                            "value": 0,
                            "vector": false,
                            "calc_type": "uint"
                        }
                    ],
                    "terminals": [
                        {
                            "_cls": "Terminal",
                            "id": 2335792394592,
                            "name": "n_node",
                            "kind": "pe",
                            "dimension": [],
                            "direction": null,
                            "sp_type": null,
                            "feedthrough": true
                        },
                        {
                            "_cls": "Terminal",
                            "id": 2335792395768,
                            "name": "p_node",
                            "kind": "pe",
                            "dimension": [],
                            "direction": null,
                            "sp_type": null,
                            "feedthrough": true
                        }
                    ],
                    "masks": [],
                    "parent_comp_id": null,
                    "target_cpu": null,
                    "selected_for_export": false
                },
                {
                    "_cls": "Component",
                    "id": 2335793776792,
                    "name": "vl",
                    "vars": {
                        "ITEM_PROPERTY": "property",
                        "streaming_en": false,
                        "out_size": 1
                    },
                    "comp_type": "gen_probe",
                    "lib_fqn": "Signal Processing.Sinks.Probe",
                    "composite": false,
                    "properties": [
                        {
                            "_cls": "Property",
                            "name": "override_signal_name",
                            "value": false,
                            "vector": false,
                            "calc_type": "bool"
                        },
                        {
                            "_cls": "Property",
                            "name": "streaming_er_idx",
                            "value": 0,
                            "vector": false,
                            "calc_type": "uint"
                        },
                        {
                            "_cls": "Property",
                            "name": "streaming_en",
                            "value": false,
                            "vector": false,
                            "calc_type": "bool"
                        },
                        {
                            "_cls": "Property",
                            "name": "execution_rate",
                            "value": 0.0001,
                            "vector": false,
                            "calc_type": "real"
                        },
                        {
                            "_cls": "Property",
                            "name": "signal_type",
                            "value": "generic",
                            "vector": false,
                            "calc_type": "string"
                        },
                        {
                            "_cls": "Property",
                            "name": "addr",
                            "value": 0,
                            "vector": false,
                            "calc_type": "uint"
                        },
                        {
                            "_cls": "Property",
                            "name": "signal_name",
                            "value": "Signal Processing.Sinks.Probe",
                            "vector": false,
                            "calc_type": "signal_name"
                        }
                    ],
                    "terminals": [
                        {
                            "_cls": "Terminal",
                            "id": 2335793778304,
                            "name": "in",
                            "kind": "sp",
                            "dimension": [
                                1
                            ],
                            "direction": "in",
                            "sp_type": "real",
                            "feedthrough": true
                        }
                    ],
                    "masks": [],
                    "parent_comp_id": null,
                    "target_cpu": [
                        "user_sp_cpu",
                        0
                    ],
                    "selected_for_export": false
                },
                {
                    "_cls": "Component",
                    "id": 2335723528880,
                    "name": "Va1",
                    "vars": {},
                    "comp_type": "Voltage Measurement",
                    "lib_fqn": "Measurements.Voltage Measurement",
                    "composite": true,
                    "properties": [],
                    "terminals": [
                        {
                            "_cls": "Terminal",
                            "id": 2335793778584,
                            "name": "out",
                            "kind": "sp",
                            "dimension": [
                                1
                            ],
                            "direction": "out",
                            "sp_type": null,
                            "feedthrough": true
                        },
                        {
                            "_cls": "Terminal",
                            "id": 2335723530784,
                            "name": "n_node",
                            "kind": "pe",
                            "dimension": [
                                1
                            ],
                            "direction": null,
                            "sp_type": null,
                            "feedthrough": true
                        },
                        {
                            "_cls": "Terminal",
                            "id": 2335723528544,
                            "name": "p_node",
                            "kind": "pe",
                            "dimension": [
                                1
                            ],
                            "direction": null,
                            "sp_type": null,
                            "feedthrough": true
                        }
                    ],
                    "masks": [
                        {
                            "_cls": "Mask",
                            "vars": {
                                "prop_names": [
                                    "host_device",
                                    "output_to_device"
                                ],
                                "ITEM_COMPONENT": "component",
                                "operator": "greater",
                                "threshold": 0.0,
                                "cmp_abs_value": "False",
                                "bw_limit": "False"
                            },
                            "properties": [
                                {
                                    "_cls": "Property",
                                    "name": "threshold",
                                    "value": 0.0,
                                    "vector": false,
                                    "calc_type": "real"
                                },
                                {
                                    "_cls": "Property",
                                    "name": "override_signal_name",
                                    "value": false,
                                    "vector": false,
                                    "calc_type": "bool"
                                },
                                {
                                    "_cls": "Property",
                                    "name": "execution_rate",
                                    "value": 0.0001,
                                    "vector": false,
                                    "calc_type": "real"
                                },
                                {
                                    "_cls": "Property",
                                    "name": "addr",
                                    "value": 0,
                                    "vector": false,
                                    "calc_type": "uint"
                                },
                                {
                                    "_cls": "Property",
                                    "name": "visible",
                                    "value": true,
                                    "vector": false,
                                    "calc_type": "bool"
                                },
                                {
                                    "_cls": "Property",
                                    "name": "sig_output",
                                    "value": "True",
                                    "vector": false,
                                    "calc_type": "string"
                                },
                                {
                                    "_cls": "Property",
                                    "name": "operator",
                                    "value": "greater",
                                    "vector": false,
                                    "calc_type": "string"
                                },
                                {
                                    "_cls": "Property",
                                    "name": "signal_name",
                                    "value": "Measurements.Voltage Measurement",
                                    "vector": false,
                                    "calc_type": "signal_name"
                                },
                                {
                                    "_cls": "Property",
                                    "name": "feed_forward",
                                    "value": "false",
                                    "vector": false,
                                    "calc_type": "string"
                                },
                                {
                                    "_cls": "Property",
                                    "name": "frequency",
                                    "value": 10000.0,
                                    "vector": false,
                                    "calc_type": "real"
                                },
                                {
                                    "_cls": "Property",
                                    "name": "cmp_abs_value",
                                    "value": "False",
                                    "vector": false,
                                    "calc_type": "string"
                                },
                                {
                                    "_cls": "Property",
                                    "name": "comparator_enable",
                                    "value": "False",
                                    "vector": false,
                                    "calc_type": "string"
                                },
                                {
                                    "_cls": "Property",
                                    "name": "bw_limit",
                                    "value": "False",
                                    "vector": false,
                                    "calc_type": "string"
                                }
                            ]
                        }
                    ],
                    "parent_comp_id": null,
                    "target_cpu": [
                        "user_sp_cpu",
                        0
                    ],
                    "selected_for_export": false
                },
                {
                    "_cls": "Component",
                    "id": 2335794171576,
                    "name": "L1",
                    "vars": {},
                    "comp_type": "pas_inductor",
                    "lib_fqn": "Passive Components.Inductor",
                    "composite": false,
                    "properties": [
                        {
                            "_cls": "Property",
                            "name": "initial_current",
                            "value": 0.0,
                            "vector": false,
                            "calc_type": "real"
                        },
                        {
                            "_cls": "Property",
                            "name": "visible",
                            "value": true,
                            "vector": false,
                            "calc_type": "bool"
                        },
                        {
                            "_cls": "Property",
                            "name": "inductance",
                            "value": 0.001,
                            "vector": false,
                            "calc_type": "real"
                        },
                        {
                            "_cls": "Property",
                            "name": "pole_shift_ignore",
                            "value": false,
                            "vector": false,
                            "calc_type": "bool"
                        }
                    ],
                    "terminals": [
                        {
                            "_cls": "Terminal",
                            "id": 2335794171464,
                            "name": "n_node",
                            "kind": "pe",
                            "dimension": [],
                            "direction": null,
                            "sp_type": null,
                            "feedthrough": true
                        },
                        {
                            "_cls": "Terminal",
                            "id": 2335794171744,
                            "name": "p_node",
                            "kind": "pe",
                            "dimension": [],
                            "direction": null,
                            "sp_type": null,
                            "feedthrough": true
                        }
                    ],
                    "masks": [],
                    "parent_comp_id": null,
                    "target_cpu": null,
                    "selected_for_export": false
                },
                {
                    "_cls": "Component",
                    "id": 2335723529496,
                    "name": "i",
                    "vars": {
                        "ITEM_PROPERTY": "property",
                        "streaming_en": false,
                        "out_size": 1
                    },
                    "comp_type": "gen_probe",
                    "lib_fqn": "Signal Processing.Sinks.Probe",
                    "composite": false,
                    "properties": [
                        {
                            "_cls": "Property",
                            "name": "signal_name",
                            "value": "Signal Processing.Sinks.Probe",
                            "vector": false,
                            "calc_type": "signal_name"
                        },
                        {
                            "_cls": "Property",
                            "name": "streaming_en",
                            "value": false,
                            "vector": false,
                            "calc_type": "bool"
                        },
                        {
                            "_cls": "Property",
                            "name": "streaming_er_idx",
                            "value": 0,
                            "vector": false,
                            "calc_type": "uint"
                        },
                        {
                            "_cls": "Property",
                            "name": "signal_type",
                            "value": "generic",
                            "vector": false,
                            "calc_type": "string"
                        },
                        {
                            "_cls": "Property",
                            "name": "override_signal_name",
                            "value": false,
                            "vector": false,
                            "calc_type": "bool"
                        },
                        {
                            "_cls": "Property",
                            "name": "addr",
                            "value": 0,
                            "vector": false,
                            "calc_type": "uint"
                        },
                        {
                            "_cls": "Property",
                            "name": "execution_rate",
                            "value": 0.0001,
                            "vector": false,
                            "calc_type": "real"
                        }
                    ],
                    "terminals": [
                        {
                            "_cls": "Terminal",
                            "id": 2335723528320,
                            "name": "in",
                            "kind": "sp",
                            "dimension": [
                                1
                            ],
                            "direction": "in",
                            "sp_type": "real",
                            "feedthrough": true
                        }
                    ],
                    "masks": [],
                    "parent_comp_id": null,
                    "target_cpu": [
                        "user_sp_cpu",
                        0
                    ],
                    "selected_for_export": false
                },
                {
                    "_cls": "Component",
                    "id": 2335723532072,
                    "name": "Ia1",
                    "vars": {},
                    "comp_type": "Current Measurement",
                    "lib_fqn": "Measurements.Current Measurement",
                    "composite": true,
                    "properties": [],
                    "terminals": [
                        {
                            "_cls": "Terminal",
                            "id": 2335723531904,
                            "name": "out",
                            "kind": "sp",
                            "dimension": [
                                1
                            ],
                            "direction": "out",
                            "sp_type": null,
                            "feedthrough": true
                        },
                        {
                            "_cls": "Terminal",
                            "id": 2335723531120,
                            "name": "n_node",
                            "kind": "pe",
                            "dimension": [
                                1
                            ],
                            "direction": null,
                            "sp_type": null,
                            "feedthrough": true
                        },
                        {
                            "_cls": "Terminal",
                            "id": 2335723532016,
                            "name": "p_node",
                            "kind": "pe",
                            "dimension": [
                                1
                            ],
                            "direction": null,
                            "sp_type": null,
                            "feedthrough": true
                        }
                    ],
                    "masks": [
                        {
                            "_cls": "Mask",
                            "vars": {
                                "prop_names": [
                                    "host_device",
                                    "output_to_device"
                                ],
                                "ITEM_COMPONENT": "component",
                                "operator": "greater",
                                "threshold": 0.0,
                                "cmp_abs_value": "False",
                                "bw_limit": "False"
                            },
                            "properties": [
                                {
                                    "_cls": "Property",
                                    "name": "comparator_enable",
                                    "value": "False",
                                    "vector": false,
                                    "calc_type": "string"
                                },
                                {
                                    "_cls": "Property",
                                    "name": "override_signal_name",
                                    "value": false,
                                    "vector": false,
                                    "calc_type": "bool"
                                },
                                {
                                    "_cls": "Property",
                                    "name": "signal_name",
                                    "value": "Measurements.Current Measurement",
                                    "vector": false,
                                    "calc_type": "signal_name"
                                },
                                {
                                    "_cls": "Property",
                                    "name": "operator",
                                    "value": "greater",
                                    "vector": false,
                                    "calc_type": "string"
                                },
                                {
                                    "_cls": "Property",
                                    "name": "threshold",
                                    "value": 0.0,
                                    "vector": false,
                                    "calc_type": "real"
                                },
                                {
                                    "_cls": "Property",
                                    "name": "cmp_abs_value",
                                    "value": "False",
                                    "vector": false,
                                    "calc_type": "string"
                                },
                                {
                                    "_cls": "Property",
                                    "name": "feed_forward",
                                    "value": "false",
                                    "vector": false,
                                    "calc_type": "string"
                                },
                                {
                                    "_cls": "Property",
                                    "name": "sig_output",
                                    "value": "True",
                                    "vector": false,
                                    "calc_type": "string"
                                },
                                {
                                    "_cls": "Property",
                                    "name": "execution_rate",
                                    "value": 0.0001,
                                    "vector": false,
                                    "calc_type": "real"
                                },
                                {
                                    "_cls": "Property",
                                    "name": "bw_limit",
                                    "value": "False",
                                    "vector": false,
                                    "calc_type": "string"
                                },
                                {
                                    "_cls": "Property",
                                    "name": "addr",
                                    "value": 0,
                                    "vector": false,
                                    "calc_type": "uint"
                                },
                                {
                                    "_cls": "Property",
                                    "name": "visible",
                                    "value": true,
                                    "vector": false,
                                    "calc_type": "bool"
                                },
                                {
                                    "_cls": "Property",
                                    "name": "frequency",
                                    "value": 10000.0,
                                    "vector": false,
                                    "calc_type": "real"
                                }
                            ]
                        }
                    ],
                    "parent_comp_id": null,
                    "target_cpu": [
                        "user_sp_cpu",
                        0
                    ],
                    "selected_for_export": false
                },
                {
                    "_cls": "Component",
                    "id": 2335723531064,
                    "name": "VLrms",
                    "vars": {
                        "ITEM_PROPERTY": "property",
                        "streaming_en": false,
                        "out_size": 1
                    },
                    "comp_type": "gen_probe",
                    "lib_fqn": "Signal Processing.Sinks.Probe",
                    "composite": false,
                    "properties": [
                        {
                            "_cls": "Property",
                            "name": "signal_name",
                            "value": "Signal Processing.Sinks.Probe",
                            "vector": false,
                            "calc_type": "signal_name"
                        },
                        {
                            "_cls": "Property",
                            "name": "streaming_en",
                            "value": false,
                            "vector": false,
                            "calc_type": "bool"
                        },
                        {
                            "_cls": "Property",
                            "name": "addr",
                            "value": 0,
                            "vector": false,
                            "calc_type": "uint"
                        },
                        {
                            "_cls": "Property",
                            "name": "streaming_er_idx",
                            "value": 0,
                            "vector": false,
                            "calc_type": "uint"
                        },
                        {
                            "_cls": "Property",
                            "name": "execution_rate",
                            "value": 0.0001,
                            "vector": false,
                            "calc_type": "real"
                        },
                        {
                            "_cls": "Property",
                            "name": "override_signal_name",
                            "value": false,
                            "vector": false,
                            "calc_type": "bool"
                        },
                        {
                            "_cls": "Property",
                            "name": "signal_type",
                            "value": "generic",
                            "vector": false,
                            "calc_type": "string"
                        }
                    ],
                    "terminals": [
                        {
                            "_cls": "Terminal",
                            "id": 2335723531008,
                            "name": "in",
                            "kind": "sp",
                            "dimension": [
                                1
                            ],
                            "direction": "in",
                            "sp_type": "real",
                            "feedthrough": true
                        }
                    ],
                    "masks": [],
                    "parent_comp_id": null,
                    "target_cpu": [
                        "user_sp_cpu",
                        0
                    ],
                    "selected_for_export": false
                },
                {
                    "_cls": "Component",
                    "id": 2335749296424,
                    "name": "RMS value2",
                    "vars": {
                        "out_size": 1,
                        "op_mode": "PLL based",
                        "execution_rate": 0.0001,
                        "period_timeout": [
                            0.5
                        ],
                        "period_timeout_len": 1,
                        "timeout": [
                            5000
                        ],
                        "e": 0.5
                    },
                    "comp_type": "gen_rms_value",
                    "lib_fqn": "Signal Processing.Extras.RMS value",
                    "composite": false,
                    "properties": [
                        {
                            "_cls": "Property",
                            "name": "frequency",
                            "value": [
                                50.0
                            ],
                            "vector": true,
                            "calc_type": "real"
                        },
                        {
                            "_cls": "Property",
                            "name": "execution_rate",
                            "value": 0.0001,
                            "vector": false,
                            "calc_type": "real"
                        },
                        {
                            "_cls": "Property",
                            "name": "period_timeout",
                            "value": [
                                0.5
                            ],
                            "vector": true,
                            "calc_type": "real"
                        },
                        {
                            "_cls": "Property",
                            "name": "op_mode",
                            "value": "PLL based",
                            "vector": false,
                            "calc_type": "string"
                        }
                    ],
                    "terminals": [
                        {
                            "_cls": "Terminal",
                            "id": 2335749296256,
                            "name": "in",
                            "kind": "sp",
                            "dimension": [
                                1
                            ],
                            "direction": "in",
                            "sp_type": "real",
                            "feedthrough": true
                        },
                        {
                            "_cls": "Terminal",
                            "id": 2335749296312,
                            "name": "out",
                            "kind": "sp",
                            "dimension": [
                                1
                            ],
                            "direction": "out",
                            "sp_type": "real",
                            "feedthrough": true
                        }
                    ],
                    "masks": [],
                    "parent_comp_id": null,
                    "target_cpu": [
                        "user_sp_cpu",
                        0
                    ],
                    "selected_for_export": false
                },
                {
                    "_cls": "Component",
                    "id": 2335793778528,
                    "name": "R1",
                    "vars": {},
                    "comp_type": "pas_resistor",
                    "lib_fqn": "Passive Components.Resistor",
                    "composite": false,
                    "properties": [
                        {
                            "_cls": "Property",
                            "name": "resistance",
                            "value": 10.0,
                            "vector": false,
                            "calc_type": "real"
                        }
                    ],
                    "terminals": [
                        {
                            "_cls": "Terminal",
                            "id": 2335793778360,
                            "name": "p_node",
                            "kind": "pe",
                            "dimension": [],
                            "direction": null,
                            "sp_type": null,
                            "feedthrough": true
                        },
                        {
                            "_cls": "Terminal",
                            "id": 2335793775056,
                            "name": "n_node",
                            "kind": "pe",
                            "dimension": [],
                            "direction": null,
                            "sp_type": null,
                            "feedthrough": true
                        }
                    ],
                    "masks": [],
                    "parent_comp_id": null,
                    "target_cpu": null,
                    "selected_for_export": false
                },
                {
                    "_cls": "Component",
                    "id": 2335723529160,
                    "name": "RMS value1",
                    "vars": {
                        "out_size": 1,
                        "op_mode": "PLL based",
                        "execution_rate": 0.0001,
                        "period_timeout": [
                            0.5
                        ],
                        "period_timeout_len": 1,
                        "timeout": [
                            5000
                        ],
                        "e": 0.5
                    },
                    "comp_type": "gen_rms_value",
                    "lib_fqn": "Signal Processing.Extras.RMS value",
                    "composite": false,
                    "properties": [
                        {
                            "_cls": "Property",
                            "name": "execution_rate",
                            "value": 0.0001,
                            "vector": false,
                            "calc_type": "real"
                        },
                        {
                            "_cls": "Property",
                            "name": "frequency",
                            "value": [
                                50.0
                            ],
                            "vector": true,
                            "calc_type": "real"
                        },
                        {
                            "_cls": "Property",
                            "name": "period_timeout",
                            "value": [
                                0.5
                            ],
                            "vector": true,
                            "calc_type": "real"
                        },
                        {
                            "_cls": "Property",
                            "name": "op_mode",
                            "value": "PLL based",
                            "vector": false,
                            "calc_type": "string"
                        }
                    ],
                    "terminals": [
                        {
                            "_cls": "Terminal",
                            "id": 2335723530560,
                            "name": "in",
                            "kind": "sp",
                            "dimension": [
                                1
                            ],
                            "direction": "in",
                            "sp_type": "real",
                            "feedthrough": true
                        },
                        {
                            "_cls": "Terminal",
                            "id": 2335723528824,
                            "name": "out",
                            "kind": "sp",
                            "dimension": [
                                1
                            ],
                            "direction": "out",
                            "sp_type": "real",
                            "feedthrough": true
                        }
                    ],
                    "masks": [],
                    "parent_comp_id": null,
                    "target_cpu": [
                        "user_sp_cpu",
                        0
                    ],
                    "selected_for_export": false
                }
            ],
            "parent_components": [],
            "core_couplings": [],
            "core_partitions": []
        }
    ],
    "interface_descr": null
}