<model_info><model_components><categories><category name="Sources"><components><component name="Vs1" type="Voltage Source" /><component name="Vs2" type="Voltage Source" /></components></category><category name="Passive Components"><components><component name="R1" type="Resistor" /><component name="R3" type="Resistor" /><component name="R2" type="Resistor" /></components></category><category name="Measurements"><components><component name="Ia3" type="Current Measurement" /><component name="Ia1" type="Current Measurement" /><component name="Ia2" type="Current Measurement" /></components></category><category name="Signal Processing"><categories><category name="Sinks"><components><component name="SCADA Output1" type="SCADA Output" /><component name="SCADA Output2" type="SCADA Output" /><component name="SCADA Output3" type="SCADA Output" /></components></category></categories></category></categories></model_components></model_info>